company_id,year,net_profit_margin_pct,operating_profit_margin_pct,return_on_equity_pct,debt_to_equity,interest_coverage,asset_turnover,free_cash_flow_cr,capex_cr,earnings_per_share,book_value_per_share,dividend_payout_ratio_pct,total_debt_cr,cash_from_operations_cr,revenue_cagr_5y_pct,pat_cagr_5y_pct,eps_cagr_5yr,composite_quality_score,broad_sector_x,company_name,broad_sector_y,sub_sector,fiscal_year,peer_group_name,is_benchmark,score_roe,score_roce,score_margin,score_revenue_growth,score_profit_growth,score_debt,score_fcf,score_fcf_yield,score_pe,score_pb,composite_score,debt_free_flag,fcf_positive_flag,peer_score_roe,peer_score_margin,peer_score_revenue_growth,peer_score_profit_growth,peer_score_debt,peer_score_fcf,peer_composite_score,peer_group_size
ZYDUSLIFE,Mar 2024,20.32536962193687,27.54386862434133,18.20389461626575,0.0087056128293241,66.46913580246914,0.6216052916110157,1736.0,7.632884841663682,38.0,,8.0,190.0,3228.0,6.520884893219292,26.969209473979937,28.138071143961028,0.8124842688144979,,,,,2024,,,96.93877551020408,50,76.47058823529412,85.85858585858585,92.94117647058823,85.14851485148515,92.07920792079209,50,50,50,79.23061177666385,False,True,50.0,50.0,50.0,50.0,50.0,50.0,50.0,
SIEMENS,Sep 2024,12.221223021582734,13.9568345323741,17.698769290877124,0.0181676108614963,51.73333333333333,0.8790861298865568,1168.0,2.2571942446043165,76.0,431.0,16.0,279.0,1670.0,11.193358902067896,19.85339817550189,19.643850003755613,0.6144223693892568,Industrials,Siemens Ltd,Industrials,Capital Goods,2024,,,94.89795918367348,50,23.52941176470588,87.87878787878788,87.05882352941177,80.19801980198021,90.0990099009901,50,50,50,72.3579797355486,False,True,50.0,50.0,50.0,50.0,50.0,50.0,50.0,
UNITDSPR,Mar 2024,12.437063863616288,17.66628389718223,18.448637316561843,0.0678721174004192,26.31578947368421,0.9469677959012964,1344.0,1.996290080381592,19.0,,46.0,518.0,1118.0,3.955432589460961,17.788315494227902,16.11871423331621,0.7940340909090909,,,,,2024,,,97.95918367346938,50,35.294117647058826,83.83838383838383,85.88235294117646,69.3069306930693,91.0891089108911,50,50,50,72.22100379305638,False,True,50.0,50.0,50.0,50.0,50.0,50.0,50.0,
